timestamp,device,torch_version,cuda_version,implementation,rows,in_features,out_features,warmup_iterations,measurement_rounds,repeats_per_round,mean_ms,median_ms,minimum_ms,p95_ms,speedup_vs_reference
20260713_122659,Orin,2.8.0,12.6,pytorch_reference,1,1024,1024,5,10,10,0.534827847,0.408276820,0.406953621,0.753686380,1.000000
20260713_122659,Orin,2.8.0,12.6,cuda_naive,1,1024,1024,5,10,10,0.095039679,0.094942400,0.094796801,0.095353597,4.300258
20260713_122659,Orin,2.8.0,12.6,cuda_warp,1,1024,1024,5,10,10,0.037979200,0.037843199,0.036707199,0.039235201,10.788644
20260713_122659,Orin,2.8.0,12.6,pytorch_reference,1,2048,2048,5,10,10,1.778000622,1.539940786,1.386502361,2.797814369,1.000000
20260713_122659,Orin,2.8.0,12.6,cuda_naive,1,2048,2048,5,10,10,0.209449604,0.209438407,0.209020805,0.209859204,7.352714
20260713_122659,Orin,2.8.0,12.6,cuda_warp,1,2048,2048,5,10,10,0.079179519,0.079049599,0.078928000,0.079759997,19.480691
20260713_122659,Orin,2.8.0,12.6,pytorch_reference,4,2048,2048,5,10,10,1.609148178,1.453798389,1.452121639,1.908752060,1.000000
20260713_122659,Orin,2.8.0,12.6,cuda_naive,4,2048,2048,5,10,10,0.728240318,0.728412795,0.727091217,0.728716803,1.995844
20260713_122659,Orin,2.8.0,12.6,cuda_warp,4,2048,2048,5,10,10,0.227678721,0.227620792,0.227491212,0.227952003,6.386931
